molecule_chembl_id,canonical_smiles,standard_value,bioactivity_class,MW,LogP,NumHDonors,NumHAcceptors,standard_value_norm,pIC50_values
CHEMBL2206185,C[C@@H](N)[C@H]1O[C@@H](O[C@@H]2[C@@H](O)[C@H](NC(=O)[C@@H](O)CCN)C[C@H](N)[C@H]2O[C@H]2O[C@H]([C@@H](C)O)[C@@H](O)[C@H](O)[C@H]2N)[C@H](O)[C@@H]1O.O=S(=O)(O)O,400000,inactive,583.636,-7.0081,12,16,400000,3.397940009
CHEMBL2206184,C[C@H](N)[C@H]1O[C@@H](O[C@@H]2[C@@H](O)[C@H](NC(=O)[C@@H](O)CCN)C[C@H](N)[C@H]2O[C@H]2O[C@H]([C@@H](C)O)[C@@H](O)[C@H](O)[C@H]2N)[C@H](O)[C@@H]1O.O=S(=O)(O)O,506000,inactive,583.636,-7.0081,12,16,506000,3.295849483
CHEMBL2206195,C[C@@H](N)[C@H]1O[C@@H](O[C@@H]2[C@@H](O)[C@H](N)C[C@H](N)[C@H]2O[C@H]2O[C@H]([C@@H](C)O)[C@@H](O)[C@H](O)[C@H]2N)[C@H](O)[C@@H]1O.O=S(=O)(O)O,681000,inactive,482.531,-5.8753,10,14,681000,3.166852888
CHEMBL2206194,C[C@H](N)[C@H]1O[C@@H](O[C@@H]2[C@@H](O)[C@H](N)C[C@H](N)[C@H]2O[C@H]2O[C@H]([C@@H](C)O)[C@@H](O)[C@H](O)[C@H]2N)[C@H](O)[C@@H]1O.O=S(=O)(O)O,1493000,inactive,482.531,-5.8753,10,14,1493000,2.825940192
CHEMBL2206193,C[C@@H](N)[C@H]1O[C@@H](O[C@@H]2[C@@H](O)[C@H](NC(=O)[C@@H](O)CCN)C[C@H](N)[C@H]2O[C@H]2O[C@H](CO)[C@@H](O)[C@H](O)[C@H]2N)[C@H](O)[C@@H]1O.O=S(=O)(O)O,152000,inactive,569.609,-7.3966,12,16,152000,3.818156412
CHEMBL2206192,C[C@H](N)[C@H]1O[C@@H](O[C@@H]2[C@@H](O)[C@H](NC(=O)[C@@H](O)CCN)C[C@H](N)[C@H]2O[C@H]2O[C@H](CO)[C@@H](O)[C@H](O)[C@H]2N)[C@H](O)[C@@H]1O.O=S(=O)(O)O,251000,inactive,569.609,-7.3966,12,16,251000,3.600326279
CHEMBL2206191,C[C@@H](N)[C@H]1O[C@@H](O[C@@H]2[C@@H](O)[C@H](N)C[C@H](N)[C@H]2O[C@H]2O[C@H](CO)[C@@H](O)[C@H](O)[C@H]2N)[C@H](O)[C@@H]1O.O=S(=O)(O)O,710000,inactive,468.504,-6.2638,10,14,710000,3.148741651
CHEMBL2206190,C[C@H](N)[C@H]1O[C@@H](O[C@@H]2[C@@H](O)[C@H](N)C[C@H](N)[C@H]2O[C@H]2O[C@H](CO)[C@@H](O)[C@H](O)[C@H]2N)[C@H](O)[C@@H]1O.O=S(=O)(O)O,1408000,inactive,468.504,-6.2638,10,14,1408000,2.851397345
CHEMBL2206189,C[C@@H](O)[C@H]1O[C@H](O[C@H]2[C@H](O[C@@H]3O[C@H](CN)[C@@H](O)[C@H]3O)[C@@H](O)[C@H](NC(=O)[C@@H](O)CCN)C[C@@H]2N)[C@H](N)[C@@H](O)[C@@H]1O.O=S(=O)(O)O,404000,inactive,569.609,-7.3966,12,16,404000,3.393618635
CHEMBL2206188,C[C@@H](O)[C@H]1O[C@H](O[C@H]2[C@H](O[C@@H]3O[C@H](CN)[C@@H](O)[C@H]3O)[C@@H](O)[C@H](N)C[C@@H]2N)[C@H](N)[C@@H](O)[C@@H]1O.O=S(=O)(O)O,965000,inactive,468.504,-6.2638,10,14,965000,3.015472687
CHEMBL2206187,NCC[C@H](O)C(=O)N[C@@H]1C[C@H](N)[C@@H](O[C@H]2O[C@H](CO)[C@@H](O)[C@H](O)[C@H]2N)[C@H](O[C@@H]2O[C@H](CN)[C@@H](O)[C@H]2O)[C@H]1O.O=S(=O)(O)O,492000,inactive,555.582,-7.7851,12,16,492000,3.308034897
CHEMBL373500,NC[C@H]1O[C@@H](O[C@@H]2[C@@H](O)[C@H](N)C[C@H](N)[C@H]2O[C@H]2O[C@H](CO)[C@@H](O)[C@H](O)[C@H]2N)[C@H](O)[C@@H]1O.O=S(=O)(O)O,1785000,inactive,454.477,-6.6523,10,14,1785000,2.74836178
CHEMBL2206186,CN[C@@H]1[C@@H](O)[C@@H](O[C@@H]2[C@@H](O)[C@H](O[C@H]3O[C@H]([C@@H](C)O)[C@@H](O)[C@H](O)[C@H]3N)[C@@H](N)C[C@H]2N)OC[C@]1(C)O.O=S(=O)(O)O,13000,inactive,496.558,-5.613,10,14,13000,4.886056648
CHEMBL3039594,CNC(C)[C@@H]1CC[C@@H](N)[C@@H](O[C@H]2[C@H](O)[C@@H](O[C@H]3OC[C@](C)(O)[C@H](NC)[C@H]3O)[C@H](N)C[C@@H]2N)O1.CN[C@@H]1[C@@H](O)[C@@H](O[C@@H]2[C@@H](O)[C@H](O[C@H]3O[C@H](C(C)N)CC[C@H]3N)[C@@H](N)C[C@H]2N)OC[C@]1(C)O.CN[C@@H]1[C@@H](O)[C@@H](O[C@@H]2[C@@H](O)[C@H](O[C@H]3O[C@H](CN)CC[C@H]3N)[C@@H](N)C[C@H]2N)OC[C@]1(C)O.O=S(=O)(O)O,26000,active,477.603,-3.3275,8,12,26000,4.585026652
CHEMBL370143,NC[C@@H]1O[C@H](O[C@H]2[C@@H](O)[C@H](O[C@@H]3[C@@H](O)[C@H](N)C[C@H](N)[C@H]3O[C@H]3O[C@H](CO)[C@@H](O)[C@H](O)[C@H]3N)O[C@@H]2CO)[C@H](N)[C@@H](O)[C@@H]1O,50.54,active,615.634,-8.8617,13,19,50.54,7.296364762
CHEMBL1909452,CN[C@@H]1[C@@H](O[C@H]2O[C@H](CO)[C@@H](N)[C@H](O)[C@H]2O)OC2C[C@@H](N)[C@@H](O[C@H]3[C@H](O)[C@@H](O)[C@H](N)C[C@@H]3N)OC2[C@@H]1O,58.03,active,539.583,-6.9493,11,16,58.03,7.236347429
CHEMBL3589639,NC[C@@H]1O[C@H](O[C@H]2[C@@H](O)[C@H](O[C@@H]3[C@@H](O)[C@H](N)C[C@H](N)[C@H]3O[C@H]3O[C@H](CO)[C@@H](OCCCc4ccccc4)[C@H](O)[C@H]3N)O[C@@H]2CO)[C@H](N)[C@@H](O)[C@@H]1O,49.85,active,733.813,-6.2046,12,19,49.85,7.302334837
CHEMBL3589640,NC[C@@H]1O[C@H](O[C@H]2[C@@H](O)[C@H](O[C@@H]3[C@@H](O)[C@H](N)C[C@H](N)[C@H]3O[C@H]3O[C@@H]4COC(CCc5ccccc5)O[C@H]4[C@H](O)[C@H]3N)O[C@@H]2CO)[C@H](N)[C@@H](O)[C@@H]1O,330.74,active,731.797,-5.8406,11,19,330.74,6.480513278
CHEMBL3589641,NC[C@@H]1O[C@H](O[C@H]2[C@@H](O)[C@H](O[C@@H]3[C@@H](O)[C@H](N)C[C@H](N)[C@H]3O[C@H]3O[C@H](CO)[C@@H](O[C@H]4O[C@H](CO)[C@@H](O)[C@H](O)[C@H]4O)[C@H](O)[C@H]3N)O[C@@H]2CO)[C@H](N)[C@@H](O)[C@@H]1O,1.86,active,777.775,-11.0375,16,24,1.86,8.730487056
CHEMBL3589642,NC[C@@H]1O[C@H](O[C@H]2[C@@H](O)[C@H](O[C@@H]3[C@@H](O)[C@H](N)C[C@H](N)[C@H]3O[C@H]3O[C@H](CO)[C@@H](O[C@@H]4O[C@H](CO)[C@@H](O)[C@H](O)[C@H]4O)[C@H](O)[C@H]3N)O[C@@H]2CO)[C@H](N)[C@@H](O)[C@@H]1O,59.12,active,777.775,-11.0375,16,24,59.12,7.228265575
CHEMBL3589643,NC[C@@H]1O[C@H](O[C@H]2[C@@H](O)[C@H](O[C@@H]3[C@@H](O)[C@H](N)C[C@H](N)[C@H]3O[C@H]3O[C@H](CO)[C@@H](O[C@H]4O[C@H](CO)[C@@H](O)[C@H](O)[C@@H]4O)[C@H](O)[C@H]3N)O[C@@H]2CO)[C@H](N)[C@@H](O)[C@@H]1O,2.19,active,777.775,-11.0375,16,24,2.19,8.659555885
CHEMBL3589644,NC[C@@H]1O[C@H](O[C@H]2[C@@H](O)[C@H](O[C@@H]3[C@@H](O)[C@H](N)C[C@H](N)[C@H]3O[C@H]3O[C@H](CO)[C@@H](O[C@@H]4O[C@H](CO)[C@@H](O)[C@H](O)[C@@H]4O)[C@H](O)[C@H]3N)O[C@@H]2CO)[C@H](N)[C@@H](O)[C@@H]1O,54.6,active,777.775,-11.0375,16,24,54.6,7.262807357
CHEMBL3589645,NC[C@@H]1O[C@H](O[C@H]2[C@@H](O)[C@H](O[C@@H]3[C@@H](O)[C@H](N)C[C@H](N)[C@H]3O[C@H]3O[C@H](CO)[C@@H](O[C@H]4O[C@H](CO)[C@H](O)[C@H](O)[C@H]4O)[C@H](O)[C@H]3N)O[C@@H]2CO)[C@H](N)[C@@H](O)[C@@H]1O,2.23,active,777.775,-11.0375,16,24,2.23,8.651695137
CHEMBL3589646,NC[C@@H]1O[C@H](O[C@H]2[C@@H](O)[C@H](O[C@@H]3[C@@H](O)[C@H](N)C[C@H](N)[C@H]3O[C@H]3O[C@H](CO)[C@@H](O[C@@H]4O[C@H](CO)[C@H](O)[C@H](O)[C@H]4O)[C@H](O)[C@H]3N)O[C@@H]2CO)[C@H](N)[C@@H](O)[C@@H]1O,141.35,active,777.775,-11.0375,16,24,141.35,6.849704187
CHEMBL3589647,NC[C@@H]1O[C@H](O[C@H]2[C@@H](O)[C@H](O[C@@H]3[C@@H](O)[C@H](N)C[C@H](N)[C@H]3O[C@H]3O[C@H](CO)[C@@H](O[C@H]4O[C@H](CO)[C@@H](N)[C@H](O)[C@H]4O)[C@H](O)[C@H]3N)O[C@@H]2CO)[C@H](N)[C@@H](O)[C@@H]1O,0.34,active,776.791,-11.0711,16,24,0.34,9.468521083
CHEMBL3589648,NC[C@@H]1O[C@H](O[C@H]2[C@@H](O)[C@H](O[C@@H]3[C@@H](O)[C@H](N)C[C@H](N)[C@H]3O[C@H]3O[C@H](CO)[C@@H](O[C@@H]4O[C@H](CO)[C@@H](N)[C@H](O)[C@H]4O)[C@H](O)[C@H]3N)O[C@@H]2CO)[C@H](N)[C@@H](O)[C@@H]1O,7.62,active,776.791,-11.0711,16,24,7.62,8.118045029
CHEMBL4128388,Cn1cc(-c2ccc(C(=O)N(c3nccc4ccccc34)[C@@H]3CCCNC3)cc2)cn1,1060,active,411.509,4.0341,1,5,1060,5.974694135
CHEMBL4130157,O=C(c1ccc(-c2cnn3cccnc23)cc1)N(c1nccc2ccccc12)[C@@H]1CCCNC1,690,active,448.53,4.3433,1,6,690,6.161150909
CHEMBL4126894,O=C(c1ccc(-n2nnc3cccnc32)cc1)N(c1nccc2ccccc12)[C@@H]1CCCNC1,390,active,449.518,3.7625,1,7,390,6.408935393
CHEMBL4109308,O=C(c1ccc(-n2nnc3cccnc32)cc1)N(c1ncccc1Cl)[C@@H]1CCCNC1,380,active,433.903,3.2627,1,7,380,6.420216403
CHEMBL4126496,Cc1ccc2nnn(-c3ccc(C(=O)N(c4ncccc4Cl)[C@@H]4CCCNC4)cc3)c2n1,450,active,447.93,3.57112,1,7,450,6.346787486
CHEMBL4114159,Cc1cnc2c(c1)nnn2-c1ccc(C(=O)N(c2ncccc2Cl)[C@@H]2CCCNC2)cc1,410,active,447.93,3.57112,1,7,410,6.387216143
CHEMBL4128560,O=C(c1ccc(-n2nnc3cccnc32)nc1)N(c1ncccc1Cl)[C@@H]1CCCNC1,4100,active,434.891,2.6577,1,8,4100,5.387216143
CHEMBL4566239,Cc1cccnc1N(C(=O)N1CCC(c2ccccc2)CC1)[C@@H]1CCCNC1,2050,inactive,378.52,3.94802,1,3,2050,5.688246139
CHEMBL4444210,O=C(N1CCC(c2cnn3cccnc23)CC1)N(c1ncccc1Cl)[C@@H]1CCCNC1,20000,inactive,439.951,3.3357,1,6,20000,4.698970004
CHEMBL4469712,Cc1nccnc1N(C(=O)N1CCC(c2ccccc2)CC1)[C@@H]1CCCNC1,3630,active,379.508,3.34302,1,4,3630,5.440093375
CHEMBL4527910,Cc1cccnc1N(C(=O)N1CCC(c2ccccc2F)CC1)[C@@H]1CCCNC1,4380,active,396.51,4.08712,1,3,4380,5.358525889
CHEMBL4554909,Cc1cccnc1N(C(=O)N1CCC(c2cnn3cccnc23)CC1)[C@@H]1CCCNC1,920,active,419.533,2.99072,1,6,920,6.036212173
CHEMBL557931,CC[C@H]1OC(=O)[C@H](C)[C@@H](O[C@H]2C[C@@](C)(OC)[C@@H](O)[C@H](C)O2)[C@H](C)[C@@H](O[C@@H]2O[C@H](C)C[C@H](N(C)C)[C@H]2O)[C@](C)(OC)C[C@@H](C)C(=O)N[C@H](C)[C@@H](O)[C@]1(C)O,1300,active,762.979,1.7392,5,14,1300,5.886056648
CHEMBL553222,CC[C@H]1OC(=O)[C@H](C)[C@@H](O[C@H]2C[C@@](C)(OC)[C@@H](O)[C@H](C)O2)[C@H](C)[C@@H](O[C@@H]2O[C@H](C)C[C@H](N(C)C)[C@H]2O)[C@](C)(OC)C[C@@H](C)NC(=O)[C@H](C)[C@@H](O)[C@]1(C)O,100,inactive,762.979,1.7392,5,14,100,7
CHEMBL553223,CC[C@H]1OC(=O)[C@H](C)[C@@H](O)[C@H](C)[C@@H](O[C@@H]2O[C@H](C)C[C@H](N(C)C)[C@H]2O)[C@](C)(OC)C[C@@H](C)C(=O)N[C@H](C)[C@@H](O)[C@]1(C)O,100000,active,604.782,0.814,5,11,100000,4
CHEMBL529,CC[C@H]1OC(=O)[C@H](C)[C@@H](O[C@H]2C[C@@](C)(OC)[C@@H](O)[C@H](C)O2)[C@H](C)[C@@H](O[C@@H]2O[C@H](C)C[C@H](N(C)C)[C@H]2O)[C@](C)(O)C[C@@H](C)CN(C)[C@H](C)[C@@H](O)[C@]1(C)O,300,active,748.996,1.9007,5,14,300,6.522878745
CHEMBL1164465,C[C@H](O)[C@H]1O[C@H](O[C@H]2[C@H](O[C@@H]3O[C@H](CN)[C@@H](O)[C@H]3O)[C@@H](O)[C@H](N)C[C@@H]2N)[C@H](N)[C@@H](O)[C@@H]1O,1130,active,468.504,-6.2638,10,14,1130,5.946921557
CHEMBL511656,NCC[C@H](O)C(=O)N[C@@H]1C[C@H](N)[C@@H](O[C@H]2O[C@H](CO)[C@@H](O)[C@H](O)[C@H]2N)[C@H](O[C@@H]2O[C@H](CN)[C@@H](O)[C@H]2O)[C@H]1O,160,active,555.582,-7.7851,12,16,160,6.795880017
CHEMBL474967,NC[C@H]1O[C@@H](O[C@@H]2[C@@H](O)[C@H](N)C[C@H](N)[C@H]2O[C@H]2O[C@H](CO)[C@@H](O)[C@H](O)[C@H]2N)[C@H](O)[C@@H]1O,460,active,454.477,-6.6523,10,14,460,6.337242168
CHEMBL215226,CN[C@@H]1[C@@H](O)[C@@H](O[C@@H]2[C@@H](O)[C@H](O[C@H]3O[C@H]([C@@H](C)O)[C@@H](O)[C@H](O)[C@H]3N)[C@@H](N)C[C@H]2N)OC[C@]1(C)O,8.9,active,496.558,-5.613,10,14,8.9,8.050609993
CHEMBL3039597,CNC(C)[C@@H]1CC[C@@H](N)[C@@H](O[C@H]2[C@H](O)[C@@H](O[C@H]3OC[C@](C)(O)[C@H](NC)[C@H]3O)[C@H](N)C[C@@H]2N)O1.CN[C@@H]1[C@@H](O)[C@@H](O[C@@H]2[C@@H](O)[C@H](O[C@H]3O[C@H](C(C)N)CC[C@H]3N)[C@@H](N)C[C@H]2N)OC[C@]1(C)O.CN[C@@H]1[C@@H](O)[C@@H](O[C@@H]2[C@@H](O)[C@H](O[C@H]3O[C@H](CN)CC[C@H]3N)[C@@H](N)C[C@H]2N)OC[C@]1(C)O,28,inactive,477.603,-3.3275,8,12,28,7.552841969
CHEMBL1275617,CC(=O)NC[C@H]1CN(c2ccc(-c3ccc(CN)cc3)c(F)c2)C(=O)O1,58000,inactive,357.385,2.4127,2,4,58000,4.236572006
CHEMBL1276662,CC(=O)NC[C@H]1CN(c2ccc(-c3ccc(CNC(=N)N)cc3)c(F)c2)C(=O)O1,50000,inactive,399.426,1.93707,4,4,50000,4.301029996
CHEMBL461534,CC(=O)NC[C@H]1CN(c2ccc(-c3ccc(CNCCCF)cc3)c(F)c2)C(=O)O1,45000,inactive,417.456,3.4032,2,4,45000,4.346787486
CHEMBL126,CC(=O)NC[C@H]1CN(c2ccc(N3CCOCC3)c(F)c2)C(=O)O1,1380000,active,337.351,1.1236,1,5,1380000,2.860120914
CHEMBL130,O=C(N[C@H](CO)[C@H](O)c1ccc([N+](=O)[O-])cc1)C(Cl)Cl,430,active,323.132,0.909,3,5,430,6.366531544
CHEMBL469912,COc1ccc(C[C@H](N)C(=O)N[C@H]2[C@@H](O)[C@H](n3cnc4c(N(C)C)ncnc43)O[C@@H]2CO)cc1,900,active,471.518,-0.7937,4,11,900,6.045757491
CHEMBL427409,NC[C@H]1O[C@H](O[C@H]2[C@H](O)[C@@H](O)[C@H](N)C[C@@H]2N)[C@H](N)[C@@H](O)[C@@H]1O,5000,inactive,322.362,-5.1156,8,10,5000,5.301029996
CHEMBL1631490,N[C@@H]1C[C@H](N)[C@@]2(C[C@H](O)[C@H](O)CO2)[C@H](O)[C@H]1O,11300,inactive,248.279,-3.3526,6,7,11300,4.946921557
CHEMBL1631491,N[C@@H]1C[C@H](N)[C@@]2(CC[C@@H](O)[C@@H](O)CO2)[C@H](O)[C@H]1O,168000,inactive,262.306,-2.9625,6,7,168000,3.774690718
CHEMBL1631492,N[C@@H]1C[C@H](N)[C@@]2(CC[C@H](O)[C@H](O)CO2)[C@H](O)[C@H]1O,118000,inactive,262.306,-2.9625,6,7,118000,3.928117993
CHEMBL1631493,N[C@@H]1C[C@H](N)[C@@]2(CCC=CCO2)[C@H](O)[C@H]1O,1000000,inactive,228.292,-1.1281,4,5,1000000,3
CHEMBL1631494,C=CCC(C)(C)CN[C@@H]1C[C@H](N)[C@@]2(CCC=CCO2)[C@H](O)[C@H]1O,429000,inactive,324.465,1.1051,4,5,429000,3.367542708
CHEMBL1631495,NCC[C@H](O)C(=O)N[C@@H]1C[C@H](N)[C@@]2(CC[C@H](O)[C@H](O)CO2)[C@H](O)[C@H]1O,186000,inactive,363.411,-4.0953,8,9,186000,3.730487056
CHEMBL1631496,NCCCC[C@H](N)C(=O)N[C@@H]1C[C@H](N)[C@@]2(CC[C@H](O)[C@H](O)CO2)[C@H](O)[C@H]1O,98000,active,390.481,-3.3487,8,9,98000,4.008773924
CHEMBL1440,CN(C)[C@@H]1C(O)=C(C(N)=O)C(=O)[C@@]2(O)C(O)=C3C(=O)c4c(O)cccc4[C@@](C)(O)[C@H]3C[C@@H]12,4580,inactive,444.44,-0.2144,6,9,4580,5.339134522
CHEMBL3114339,NCCCC[C@H](N)CN[C@@H]1C[C@H](N)[C@@]2(CC[C@@H](O)[C@@H](O)CO2)[C@H](O)[C@H]1O,600000,inactive,376.498,-2.8753,8,9,600000,3.22184875
CHEMBL3114334,NCCCC[C@H](N)CN[C@@H]1C[C@H](N)[C@@]2(C[C@H](O)[C@H](O)CO2)[C@H](O)[C@H]1O,540000,inactive,362.471,-3.2654,8,9,540000,3.26760624
CHEMBL3112607,N[C@@H](Cc1ccc(O)cc1)C(=O)N[C@@H]1C[C@H](N)[C@@]2(CC[C@H](O)[C@H](O)CO2)[C@H](O)[C@H]1O,450000,inactive,425.482,-2.5294,8,9,450000,3.346787486
CHEMBL3114328,NCCCC[C@H](N)C(=O)N[C@@H]1C[C@H](N)[C@@]2(C[C@H](O)[C@H](O)CO2)[C@H](O)[C@H]1O,350000,inactive,376.454,-3.7388,8,9,350000,3.455931956
CHEMBL3114326,N[C@@H]1C[C@H](N)[C@@]2(CC[C@@H](CNC(=O)[C@@H](N)Cc3c[nH]c4ccccc34)O2)[C@H](O)[C@H]1O,149000,inactive,417.51,-1.1482,7,7,149000,3.826813732
CHEMBL3114325,N[C@@H]1C[C@H](N)[C@@]2(CC[C@@H](CNC(=O)[C@@H]3CCCN3)O2)[C@H](O)[C@H]1O,156000,inactive,328.413,-2.4475,6,7,156000,3.806875402
CHEMBL3114324,NCCCC[C@H](N)C(=O)NC[C@@H]1CC[C@@]2(O1)[C@H](O)[C@@H](O)[C@H](N)C[C@@H]2N,325000,inactive,359.471,-2.7432,7,8,325000,3.488116639
CHEMBL224436,CO[C@@H]1[C@@H](O[C@@H]2O[C@H](C)[C@@H](O[C@H]3C[C@@](C)(O)[C@@H](OC(=O)CC(C)C)[C@H](C)O3)[C@H](N(C)C)[C@H]2O)[C@@H](CC=O)C[C@@H](C)[C@@H](O)/C=C/C=C/C[C@@H](C)OC(=O)C[C@H]1OC(C)=O,1200,active,828.006,3.0134,3,16,1200,5.920818754
CHEMBL3251855,CO[C@@H]1[C@@H](O[C@@H]2O[C@H](C)[C@@H](O[C@H]3C[C@@](C)(O)[C@@H](OC(C)=O)[C@H](C)O3)[C@H](N(C)C)[C@H]2O)[C@@H](CC=O)C[C@@H](C)[C@@H](O)/C=C/C=C/C[C@@H](C)OC(=O)C[C@H]1OC(C)=O,6700,inactive,785.925,1.9872,3,16,6700,5.173925197
CHEMBL3251856,CO[C@@H]1[C@@H](O[C@@H]2O[C@H](C)[C@@H](O[C@H]3C[C@@](C)(O)[C@@H](O)[C@H](C)O3)[C@H](N(C)C)[C@H]2O)[C@@H](CC=O)C[C@@H](C)[C@@H](O)/C=C/C=C/C[C@@H](C)OC(=O)C[C@H]1OC(C)=O,10700,inactive,743.888,1.4164,4,15,10700,4.970616222
CHEMBL3251857,CO[C@@H]1[C@@H](O[C@@H]2O[C@H](C)[C@@H](O[C@H]3C[C@@](C)(O)[C@@H](OC(=O)CC(C)C)[C@H](C)O3)[C@H](N(C)C)[C@H]2OC(C)=O)[C@@H](CC=O)C[C@@H](C)[C@@H](O)/C=C/C=C/C[C@@H](C)OC(=O)C[C@H]1OC(C)=O,33900,inactive,870.043,3.5842,2,17,33900,4.469800302
CHEMBL3251858,CCCC(=O)O[C@H]1[C@H](C)O[C@@H](O[C@H]2[C@H](N(C)C)[C@@H](OC(C)=O)[C@H](O[C@H]3[C@@H](CC=O)C[C@@H](C)[C@@H](O)/C=C/C=C/C[C@@H](C)OC(=O)C[C@@H](O)[C@@H]3OC)O[C@@H]2C)C[C@@]1(C)O,14800,inactive,813.979,2.7674,3,16,14800,4.829738285
CHEMBL3251859,CCCC(=O)O[C@H]1[C@H](C)O[C@@H](O[C@H]2[C@H](N(C)C)[C@@H](OC(=O)CC)[C@H](O[C@H]3[C@@H](CC=O)C[C@@H](C)[C@@H](O)/C=C/C=C/C[C@@H](C)OC(=O)C[C@@H](O)[C@@H]3OC)O[C@@H]2C)C[C@@]1(C)O,13800,inactive,828.006,3.1575,3,16,13800,4.860120914
CHEMBL3251867,CCCC(=O)O[C@H]1[C@H](C)O[C@@H](O[C@H]2[C@H](N(C)C)[C@@H](O)[C@H](O[C@H]3[C@@H](CC=O)C[C@@H](C)[C@@H](OC(=O)CC)/C=C/C=C/C[C@@H](C)OC(=O)C[C@@H](O)[C@@H]3OC)O[C@@H]2C)C[C@@]1(C)O,1700,inactive,828.006,3.1575,3,16,1700,5.769551079
CHEMBL3251870,CO[C@@H]1[C@@H](O[C@@H]2O[C@H](C)[C@@H](O[C@H]3C[C@@](C)(O)[C@@H](OC(=O)CC(C)C)[C@H](C)O3)[C@H](N(C)C)[C@H]2OC(C)=O)[C@@H](CC=O)C[C@@H](C)[C@@H](OC(C)=O)/C=C/C=C/C[C@@H](C)OC(=O)C[C@H]1OC(C)=O,21400,inactive,912.08,4.155,1,18,21400,4.669586227
CHEMBL3251873,CCCC(=O)O[C@H]1[C@H](C)O[C@@H](O[C@H]2[C@H](N(C)C)[C@@H](O)[C@H](O[C@H]3[C@@H](CC=O)C[C@@H](C)[C@@H](OC(C)=O)/C=C/C=C/C[C@@H](C)OC(=O)C[C@@H](OC(C)=O)[C@@H]3OC)O[C@@H]2C)C[C@@]1(C)O,2200,inactive,856.016,3.3382,2,17,2200,5.657577319
CHEMBL3251874,CCCC(=O)O[C@H]1[C@H](C)O[C@@H](O[C@H]2[C@H](N(C)C)[C@@H](OC(C)=O)[C@H](O[C@H]3[C@@H](CC=O)C[C@@H](C)[C@@H](OC(C)=O)/C=C/C=C/C[C@@H](C)OC(=O)C[C@@H](O)[C@@H]3OC)O[C@@H]2C)C[C@@]1(C)O,23400,inactive,856.016,3.3382,2,17,23400,4.630784143
CHEMBL3244608,CCCC(=O)O[C@H]1[C@H](C)O[C@@H](O[C@H]2[C@H](N(C)C)[C@@H](OC(=O)CCCC(=O)O)[C@H](O[C@H]3[C@@H](CC=O)C[C@@H](C)[C@@H](O)/C=C/C=C/C[C@@H](C)OC(=O)C[C@@H](O)[C@@H]3OC)O[C@@H]2C)C[C@@]1(C)O,9300,active,886.042,3.0024,4,17,9300,5.031517051
CHEMBL4207118,NCc1ncc(-c2ccc(N3C[C@H](CO)OC3=O)cc2F)cc1O,64,active,333.319,1.3695,3,6,64,7.193820026
CHEMBL4448326,CCO[C@H]1[C@H](O)[C@@H](N)[C@@H](O[C@H]2[C@H](O[C@@H]3O[C@H](CO)[C@@H](O[C@H]4O[C@@H](CN)[C@@H](O)[C@H](O)[C@H]4N)[C@H]3O)[C@@H](O)[C@H](N)C[C@@H]2N)O[C@@H]1CO,0.08,active,643.688,-7.8175,12,19,0.08,10.09691001
CHEMBL4538701,CCC[C@H]1[C@H](O)[C@@H](N)[C@@H](O[C@H]2[C@H](O[C@@H]3O[C@H](CO)[C@@H](O[C@H]4O[C@@H](CN)[C@@H](O)[C@H](O)[C@H]4N)[C@H]3O)[C@@H](O)[C@H](N)C[C@@H]2N)O[C@@H]1CO,0.03,active,641.716,-6.8063,12,18,0.03,10.52287875
CHEMBL4521742,CC1=C\[C@@H](O)C[C@H](O)Cc2nc(co2)C(=O)N2CCC[C@@H]2C(=O)O[C@H](C(C)C)[C@H](C)/C=C/C(=O)NC\C=C\1,6000,active,529.634,2.326,3,8,6000,5.22184875
CHEMBL4455473,CC1=C\[C@@H](O)C[C@@H](F)Cc2nc(co2)C(=O)N2CCC[C@@H]2C(=O)O[C@H](C(C)C)[C@H](C)/C=C/C(=O)NC\C=C\1,60,active,531.625,3.3032,2,7,60,7.22184875
CHEMBL4453596,CCS[C@H]1[C@H](O)[C@@H](N)[C@@H](O[C@H]2[C@H](O[C@@H]3O[C@H](CO)[C@@H](O[C@H]4O[C@@H](CN)[C@@H](O)[C@H](O)[C@H]4N)[C@H]3O)[C@@H](O)[C@H](N)C[C@@H]2N)O[C@@H]1CO,53,active,659.756,-7.1009,12,19,53,7.27572413
CHEMBL4439765,CCN[C@@H]1C[C@H](N)[C@@H](O[C@H]2OC(CN)=C(SCC)C[C@H]2N)[C@H](O)[C@H]1O[C@H]1OC[C@](C)(O)[C@H](NC)[C@H]1O,670,active,535.708,-2.1199,8,13,670,6.173925197
CHEMBL4470951,CCCCC1=C(CN)O[C@H](O[C@H]2[C@H](O)[C@@H](O[C@H]3OC[C@](C)(O)[C@H](NC)[C@H]3O)[C@H](NCC)C[C@@H]2N)[C@H](N)C1,580,active,531.695,-1.6403,8,12,580,6.236572006
CHEMBL4444392,CCN[C@@H]1C[C@H](N)[C@@H](O[C@H]2OC(CN)=C(c3ccccc3)C[C@H]2N)[C@H](O)[C@H]1O[C@H]1OC[C@](C)(O)[C@H](NC)[C@H]1O,270,active,551.685,-1.6733,8,12,270,6.568636236
CHEMBL1572,CCN[C@@H]1C[C@H](N)[C@@H](O[C@H]2OC(CN)=CC[C@H]2N)[C@H](O)[C@H]1O[C@H]1OC[C@](C)(O)[C@H](NC)[C@H]1O,20,active,475.587,-3.2007,8,12,20,7.698970004
CHEMBL1230961,CN[C@@H]1[C@@H](O[C@H]2O[C@H](CO)[C@@H](N)[C@H](O)[C@H]2O)O[C@H]2C[C@@H](N)[C@@H](O[C@H]3[C@H](O)[C@@H](O)[C@H](N)C[C@@H]3N)O[C@@H]2[C@@H]1O,0.078,active,539.583,-6.9493,11,16,0.078,10.1079054
CHEMBL4555425,CN[C@@H]1[C@@H](O[C@H]2O[C@H](CO)[C@@H](O)[C@H](O)[C@H]2O)O[C@H]2C[C@@H](N)[C@@H](O[C@H]3[C@H](O)[C@@H](O)[C@H](N)C[C@@H]3N)O[C@@H]2[C@@H]1O,0.16,inactive,540.567,-6.9157,11,16,0.16,9.795880017
CHEMBL4750017,C[C@H](NC(=O)[C@@H](NC(=O)[C@@H](N)CCCCN)[C@H](C)O)C(=O)NCC(=O)N[C@H](CCCN)C(=O)N1CCC[C@H]1C(=O)N[C@@H](Cc1c[nH]cn1)C(=O)N[C@@H](CCCCN)C(=O)N/C(=C\CCNC(=N)N)C(=O)O,40000,inactive,1006.181,-5.83383,17,16,40000,4.397940009
CHEMBL4751891,C[C@H](NC(=O)[C@H](CCN)NC(=O)[C@@H](N)CCCCN)C(=O)NCC(=O)N[C@H](CCCN)C(=O)N1CCC[C@H]1C(=O)N[C@@H](Cc1c[nH]cn1)C(=O)N[C@@H](CCCCN)C(=O)N/C(=C\CCNC(=N)N)C(=O)O,17000,inactive,1005.197,-5.86583,17,16,17000,4.769551079
CHEMBL4759202,C[C@H](NC(=O)[C@@H](NC(=O)[C@@H](N)CCCCN)[C@@H](C)CN)C(=O)NCC(=O)N[C@H](CCCN)C(=O)N1CCC[C@H]1C(=O)N[C@@H](Cc1c[nH]cn1)C(=O)N[C@@H](CCCCN)C(=O)N/C(=C\CCNC(=N)N)C(=O)O,26700,inactive,1019.224,-5.61983,17,16,26700,4.573488739
CHEMBL4754988,C[C@H](NC(=O)[C@@H](NC(=O)[C@@H](N)CCCCN)[C@@H](O)CCN)C(=O)NCC(=O)N[C@H](CCCN)C(=O)N1CCC[C@H]1C(=O)N[C@@H](Cc1c[nH]cn1)C(=O)N[C@@H](CCCCN)C(=O)N/C(=C\CCNC(=N)N)C(=O)O,14400,inactive,1035.223,-6.50493,18,17,14400,4.841637508
CHEMBL4757804,CNC[C@H](O)[C@H](NC(=O)[C@@H](N)CCCCN)C(=O)N[C@@H](C)C(=O)NCC(=O)N[C@H](CCCN)C(=O)N1CCC[C@H]1C(=O)N[C@@H](Cc1c[nH]cn1)C(=O)N[C@@H](CCCCN)C(=O)N/C(=C\CCNC(=N)N)C(=O)O,3200,inactive,1035.223,-6.63433,18,17,3200,5.494850022
CHEMBL4757903,C[C@H](NC(=O)[C@@H](NC(=O)[C@@H](N)CCCCN)[C@@H](O)CN)C(=O)NCC(=O)N[C@H](CCN)C(=O)N1CCC[C@H]1C(=O)N[C@@H](Cc1c[nH]cn1)C(=O)N[C@@H](CCCCN)C(=O)N/C(=C\CCNC(=N)N)C(=O)O,36300,inactive,1007.169,-7.28513,18,17,36300,4.440093375
CHEMBL4785848,C[C@H](N)CC[C@@H](NC(=O)CNC(=O)[C@H](C)NC(=O)[C@@H](NC(=O)[C@@H](N)CCCCN)[C@@H](O)CN)C(=O)N1CCC[C@H]1C(=O)N[C@@H](Cc1c[nH]cn1)C(=O)N[C@@H](CCCCN)C(=O)N/C(=C\CCNC(=N)N)C(=O)O,17900,inactive,1035.223,-6.50653,18,17,17900,4.747146969
CHEMBL4759544,C[C@H](NC(=O)[C@@H](NC(=O)[C@@H](N)CCCCN)[C@@H](O)CN)C(=O)NCC(=O)N[C@](C)(CCCN)C(=O)N1CCC[C@H]1C(=O)N[C@@H](Cc1c[nH]cn1)C(=O)N[C@@H](CCCCN)C(=O)N/C(=C\CCNC(=N)N)C(=O)O,18100,active,1035.223,-6.50493,18,17,18100,4.742321425
CHEMBL5203971,NC[C@@H]1O[C@H](O[C@H]2[C@@H](O)[C@H](O[C@@H]3[C@@H](O)[C@H](N)C[C@H](N)[C@H]3O[C@H]3O[C@H]4[C@@H](OCCC[C@H]4O)[C@H](O)[C@H]3N)O[C@@H]2CO)[C@H](N)[C@@H](O)[C@@H]1O,1500,active,655.699,-7.675,12,19,1500,5.823908741
CHEMBL5170658,NC[C@@H]1O[C@H](O[C@H]2[C@@H](O)[C@H](O[C@@H]3[C@@H](O)[C@H](N)C[C@H](N)[C@H]3O[C@H]3O[C@H]4[C@@H](OC[C@H]4O)[C@H](O)[C@H]3N)O[C@@H]2CO)[C@H](N)[C@@H](O)[C@@H]1O,200,active,627.645,-8.4552,12,19,200,6.698970004
CHEMBL5189890,NC[C@@H]1O[C@H](O[C@H]2[C@@H](O)[C@H](O[C@@H]3[C@@H](O)[C@H](N)C[C@H](N)[C@H]3O[C@H]3O[C@H]4[C@@H](OC[C@@H]4O)[C@H](O)[C@H]3N)O[C@@H]2CO)[C@H](N)[C@@H](O)[C@@H]1O,130,active,627.645,-8.4552,12,19,130,6.886056648
CHEMBL5199733,NC[C@@H]1O[C@H](O[C@H]2[C@@H](O)[C@H](O[C@@H]3[C@@H](O)[C@H](N)C[C@H](N)[C@H]3O[C@H]3O[C@H]4[C@@H](OCC[C@@H]4O)[C@H](O)[C@H]3N)O[C@@H]2CO)[C@H](N)[C@@H](O)[C@@H]1O,120,active,641.672,-8.0651,12,19,120,6.920818754
CHEMBL5169637,NC[C@@H]1O[C@H](O[C@H]2[C@@H](O)[C@H](O[C@@H]3[C@@H](O)[C@H](N)C[C@H](N)[C@H]3O[C@H]3O[C@H]4[C@@H](OCCC[C@@H]4O)[C@H](O)[C@H]3N)O[C@@H]2CO)[C@H](N)[C@@H](O)[C@@H]1O,71,active,655.699,-7.675,12,19,71,7.148741651
CHEMBL5411816,Cc1nc(CN2CCN(Cc3csc(-c4ccccc4)n3)CC2)cs1,9100,inactive,370.547,3.89282,0,6,9100,5.040958608
CHEMBL1071,O=C(O)CCc1nc(-c2ccccc2)c(-c2ccccc2)o1,175000,inactive,293.322,4.0258,1,3,175000,3.756961951
CHEMBL1239,O=C(OCc1ccccc1)c1ccccc1,125000,inactive,212.248,3.0436,0,2,125000,3.903089987
CHEMBL686,Cc1cccc(Nc2ccccc2C(=O)O)c1C,225000,inactive,241.29,3.74524,2,2,225000,3.647817482
CHEMBL91,Clc1ccc(COC(Cn2ccnc2)c2ccc(Cl)cc2Cl)c(Cl)c1,25000,inactive,416.135,6.4548,0,3,25000,4.602059991
CHEMBL157101,CC(=O)N1CCN(c2ccc(OCC3COC(Cn4ccnc4)(c4ccc(Cl)cc4Cl)O3)cc2)CC1,150000,inactive,531.44,4.2058,0,7,150000,3.823908741
CHEMBL104,Clc1ccccc1C(c1ccccc1)(c1ccccc1)n1ccnc1,35000,inactive,344.845,5.3767,0,2,35000,4.455931956
CHEMBL4091027,COC(=O)c1cccc(NC(=O)CCCOc2ccc(C(C)(C)CC(C)(C)C)cc2)c1,1180,inactive,425.569,5.9847,1,4,1180,5.928117993
CHEMBL4087903,C#CCOc1ccc(C(=O)OC)cc1NC(=O)COc1ccc(C(C)(C)CC(C)(C)C)cc1,2430,inactive,451.563,5.2165,1,5,2430,5.614393726
CHEMBL4078740,CCCCc1ccc(OCC(=O)Nc2cccc(C(=O)OC)c2)cc1,9580,inactive,341.407,3.8333,1,4,9580,5.018634491
CHEMBL434275,O=C(O)c1cnc2cc(OCc3ccc(Oc4ccccc4)cc3)ccc2c1O,30902.95,inactive,387.391,5.0099,2,5,30902.95,4.510000061
CHEMBL139402,NS(=O)(=O)c1ccc2c(O)c(C(=O)O)cnc2c1,691830.97,inactive,268.25,0.286,3,5,691830.97,3.160000001
CHEMBL138027,O=C(O)c1cnc2cc(O)ccc2c1O,954992.59,inactive,205.169,1.3442,3,4,954992.59,3.019999998
CHEMBL160429,O=C(O)c1cnc2cc(OCCOc3ccc(Oc4ccccc4)cc3)ccc2c1O,81283.05,inactive,417.417,4.8887,2,6,81283.05,4.090000009
CHEMBL160456,NC(=O)c1ccc2c(O)c(C(=O)O)cnc2c1,602559.59,inactive,232.195,0.7375,3,4,602559.59,3.219999997
CHEMBL348630,O=C(O)c1cnc2cc(OCCc3ccc(Oc4ccccc4)cc3)ccc2c1O,61659.5,inactive,401.418,5.0524,2,5,61659.5,4.210000001
CHEMBL141025,CC(=O)c1ccc2c(O)c(C(=O)O)cnc2c1,912010.84,inactive,231.207,1.8412,2,4,912010.84,3.04
CHEMBL160432,O=C(O)c1cnc2cc(OCCc3ccc(Br)cc3)ccc2c1O,91201.08,inactive,388.217,4.0226,2,4,91201.08,4.040000019
CHEMBL343799,CS(=O)(=O)c1ccc2c(O)c(C(=O)O)cnc2c1,436515.83,inactive,267.262,1.0421,2,5,436515.83,3.360000002
CHEMBL345688,O=C(O)c1cnc2cc(F)ccc2c1O,10964781.96,inactive,207.16,1.7777,2,3,10964781.96,1.96
CHEMBL139244,O=C(O)c1cnc2cc([N+](=O)[O-])ccc2c1O,1202264.43,inactive,234.167,1.5468,2,5,1202264.43,2.920000002
CHEMBL1161215,O=C(O)c1cnc2cc(S(=O)(=O)O)ccc2c1O,3090295.43,inactive,269.234,0.8853,3,5,3090295.43,2.51
CHEMBL138298,CN(C)c1ccc2c(O)c(C(=O)O)cnc2c1,371535.23,inactive,232.239,1.7046,2,4,371535.23,3.429999999
CHEMBL351540,O=C(O)c1cnc2cc(OCCc3ccccc3)ccc2c1O,154881.66,inactive,309.321,3.2601,2,4,154881.66,3.810000005
CHEMBL344461,O=C(O)c1cnc2cc(Cl)ccc2c1O,4677351.41,inactive,223.615,2.292,2,3,4677351.41,2.33
CHEMBL139078,O=C(O)c1ccc2c(O)c(C(=O)O)cnc2c1,1288249.55,inactive,233.179,1.3368,3,4,1288249.55,2.890000001
CHEMBL155684,O=C(O)c1cnc2cc(OCCc3ccc4ccccc4c3)ccc2c1O,72443.6,inactive,359.381,4.4133,2,4,72443.6,4.139999976
CHEMBL15976,NC(=O)C(=O)O,2000000,inactive,89.05,-1.4437,2,2,2000000,2.698970004
CHEMBL242019,COc1ccc(CNC(=O)c2cc(=O)c3c(O)cc(OCCc4ccc(NC(=O)C(=O)O)cc4)cc3o2)cc1,4880,inactive,532.505,3.0818,4,8,4880,5.311580178
CHEMBL245248,N#Cc1cc(CCOc2cc(O)c3c(=O)cc(C(=O)O)oc3c2)ccc1NC(=O)C(=O)O,13600,inactive,438.348,1.71308,4,8,13600,4.866461092
CHEMBL156707,O=C(O)c1cnc2cc(OCCOc3ccc4ccccc4c3)ccc2c1O,1584.89,inactive,375.38,4.2496,2,5,1584.89,5.800000875
CHEMBL160455,O=C(O)c1cnc2cc(OCc3ccc4ccccc4c3)ccc2c1O,4073.8,inactive,345.354,4.3708,2,4,4073.8,5.390000296
CHEMBL155958,O=C(O)c1cnc2cc(OCc3cccc4ccccc34)ccc2c1O,13182.57,inactive,345.354,4.3708,2,4,13182.57,4.879999914
CHEMBL157654,O=C(O)c1cnc2cc(OCc3ccc(Cl)c(Cl)c3)ccc2c1O,4786.3,inactive,364.184,4.5244,2,4,4786.3,5.320000084
CHEMBL155672,O=C(O)c1cnc2cc(OCCOc3ccc(F)cc3)ccc2c1O,18197.01,inactive,343.31,3.2355,2,5,18197.01,4.739999966
CHEMBL157580,O=C(O)c1cnc2cc(OCCOc3ccccc3)ccc2c1O,60255.96,inactive,325.32,3.0964,2,5,60255.96,4.21999999
CHEMBL157710,O=C(O)c1cnc2cc(OCc3ccccc3)ccc2c1O,32359.37,inactive,295.294,3.2176,2,4,32359.37,4.489999942
CHEMBL4586116,CS(=O)(=O)Nc1ccc(-c2nc3ccccc3o2)cc1,63000,active,288.328,2.8663,1,4,63000,4.200659451
CHEMBL34241,CC(=O)c1c(O)c(C)c(O)c(Cc2c(O)c3c(c(C(=O)/C=C/c4ccccc4)c2O)OC(C)(C)C=C3)c1O,700,inactive,516.546,5.39672,5,8,700,6.15490196
CHEMBL16958,O=C1NCc2c1c1c3ccccc3[nH]c1c1[nH]c3ccccc3c21,8000,inactive,311.344,4.199,3,1,8000,5.096910013
CHEMBL599552,O=C1/C(=C2\Nc3ccccc3C2=O)Nc2ccccc21,60000,inactive,262.268,2.8148,2,4,60000,4.22184875
CHEMBL430923,Oc1oc(/C=N/c2ccc(Oc3ccccc3)cc2)c2ccccc12,120000,active,329.355,5.6813,1,4,120000,3.920818754
CHEMBL573145,CCCOC(=O)c1ccc2[nH]c3c(c2c1)CC(=O)Nc1ccccc1-3,6200,active,334.375,3.8963,2,3,6200,5.207608311
CHEMBL575951,O=C1Cc2c([nH]c3ccccc23)-c2ccccc2N1Cc1ccc(Cl)c(Cl)c1,7900,inactive,407.3,6.231,1,1,7900,5.102372909
CHEMBL586055,Cc1ccc(CN2C(=O)Cc3c([nH]c4ccc(Br)cc34)-c3ccccc32)cc1,1600,inactive,431.333,5.99512,1,1,1600,5.795880017
CHEMBL99779,O=C1Cc2c([nH]c3ccc(Br)cc23)-c2ccccc2N1Cc1ccccc1,2400,inactive,417.306,5.6867,1,1,2400,5.619788758
CHEMBL3359141,C#CCOC(=O)c1ccc(O)c(NC(=O)COc2ccc(C34CC5CC(CC(C5)C3)C4)cc2)c1,7100,inactive,459.542,4.6675,2,5,7100,5.148741651
CHEMBL3359147,C#CCOC(=O)c1ccc(O)c(NC(=O)COc2ccc(C34CC5CC(CC(C5)C3)C4)cc2C2(C(F)(F)F)N=N2)c1,5500,inactive,567.564,5.8484,2,7,5500,5.259637311
CHEMBL4099051,Cc1cc(C)nc(NC(=S)N2CCN(Cc3ccc(C(F)(F)F)cc3)CC2)c1,2500,inactive,408.493,4.23184,1,3,2500,5.602059991
CHEMBL4070806,CCOC(=O)c1sc(NC(=O)c2ccco2)c(SC#N)c1C,33000,inactive,336.394,3.6517,1,7,33000,4.48148606
CHEMBL2262744,S=C(c1ccc(Cl)c(Cl)c1)N1CCOCC1,16000,inactive,276.188,3.0011,0,2,16000,4.795880017
CHEMBL4061896,O=C(Nc1ccccc1[N+](=O)[O-])c1ccc(Cl)cc1,75200,inactive,276.679,3.5005,1,3,75200,4.123782159
CHEMBL4086943,O=C(C(=S)N1CCOCC1)c1ccccc1,30900,inactive,235.308,1.5289,0,3,30900,4.510041521
CHEMBL4074316,O=C(C(=S)N1CCOCC1)c1ccccc1F,200000,inactive,253.298,1.668,0,3,200000,3.698970004
CHEMBL4096521,O=C(C(=S)N1CCOCC1)c1ccc(Cl)cc1,8700,inactive,269.753,2.1823,0,3,8700,5.060480747
CHEMBL4080013,O=C(C(=S)N1CCOCC1)c1ccccc1Br,160700,inactive,314.204,2.2914,0,3,160700,3.793984123
CHEMBL4087895,O=C(C(=S)N1CCOCC1)c1ccc(Br)cc1,130700,inactive,314.204,2.2914,0,3,130700,3.883724412
CHEMBL4075188,O=C(C(=S)N1CCOCC1)c1ccc(I)cc1,177700,inactive,361.204,2.1335,0,3,177700,3.750312572
CHEMBL4094885,O=C(C(=S)N1CCOCC1)c1cccc([N+](=O)[O-])c1,88100,inactive,280.305,1.4371,0,5,88100,4.055024092
CHEMBL4084694,O=C(C(=S)N1CCOCC1)c1ccc([N+](=O)[O-])cc1,35100,inactive,280.305,1.4371,0,5,35100,4.454692884
CHEMBL1471788,Cc1ccnc(NC(=S)N2CCN(c3cccc(C(F)(F)F)c3)CC2)c1,15300,inactive,380.439,3.92782,1,3,15300,4.815308569
CHEMBL2135970,Cc1cc(C)nc(NC(=S)N2CCN(c3ccc(C(F)(F)F)cn3)CC2)c1,3700,inactive,395.454,3.63124,1,4,3700,5.431798276
CHEMBL3559789,FC(F)(F)c1cccc(N2CCN(C(=S)Nc3cccnc3)CC2)c1,8900,inactive,366.412,3.6194,1,3,8900,5.050609993
CHEMBL3125072,FC(F)(F)c1cccc(N2CCN(C(=S)Nc3ccncc3)CC2)c1,14000,inactive,366.412,3.6194,1,3,14000,4.853871964
CHEMBL2143378,FC(F)(F)c1cccc(N2CCN(C(=S)Nc3cc(C(F)(F)F)ccn3)CC2)c1,6400,inactive,434.409,4.6382,1,3,6400,5.193820026
CHEMBL4126416,COc1ccccc1N1CCN(C(=S)Nc2cc(C)cc(C)n2)CC1,24000,inactive,356.495,3.22604,1,4,24000,4.619788758
CHEMBL2135778,Cc1cc(C)nc(NC(=S)N2CCN(c3cccc(C(F)(F)F)n3)CC2)c1,11000,inactive,395.454,3.63124,1,4,11000,4.958607315
CHEMBL4128626,Cc1cc(C)nc(NC(=S)N2CCN(C(=O)c3cccc(C(F)(F)F)c3)CC2)c1,22000,inactive,422.476,3.87204,1,3,22000,4.657577319
CHEMBL4129229,Cc1cc(C)nc(NC(=S)N2CCCC(Nc3ccc(C(F)(F)F)cc3)C2)c1,5700,inactive,408.493,4.99054,2,3,5700,5.244125144
CHEMBL4128391,Cc1cc(C)nc(NC(=S)N2CCC(Nc3ccc(C(F)(F)F)cc3)CC2)c1,7700,inactive,408.493,4.99054,2,3,7700,5.113509275
CHEMBL4129360,Cc1cc(C)nc(NC(=S)N(C)CCN(C)Cc2ccc(C(F)(F)F)cc2)c1,7300,inactive,410.509,4.47784,1,3,7300,5.13667714
CHEMBL4127154,Cc1cc(C)nc(NC(=S)N2CCN(Cc3ccc(C(F)(F)F)cc3)C(C)C2)c1,8300,inactive,422.52,4.62034,1,3,8300,5.080921908
CHEMBL4127715,Cc1cc(C)nc(NC(=S)N2CCN(Cc3ccc(C(F)(F)F)cc3)C(c3ccccc3)C2)c1,31000,inactive,484.591,5.97314,1,3,31000,4.508638306
CHEMBL4128309,Cc1cc(C)nc(NC(=S)N2CCN(Cc3ccccc3C)CC2)c1,9200,inactive,354.523,3.52146,1,3,9200,5.036212173
CHEMBL4129573,Cc1cc(C)nc(NC(=S)N2CCN(Cc3ccccc3F)CC2)c1,41000,inactive,358.486,3.35214,1,3,41000,4.387216143
CHEMBL4129970,Cc1cc(C)nc(NC(=S)N2CCN(Cc3cccc(F)c3)CC2)c1,39000,inactive,358.486,3.35214,1,3,39000,4.408935393
CHEMBL4128606,Cc1cc(C)nc(NC(=S)N2CCN(Cc3ccc(F)cc3)CC2)c1,38000,inactive,358.486,3.35214,1,3,38000,4.420216403
CHEMBL4129453,O=C(N/N=C/c1cc([N+](=O)[O-])ccc1O)c1ccc(O)cc1O,34800,inactive,317.257,1.4755,4,7,34800,4.458420756
CHEMBL4128077,CCNC(=S)N/N=C/c1ccc(-c2ccc(C(=O)O)c(Cl)c2)o1,35700,active,351.815,3.1161,3,4,35700,4.447331784
CHEMBL4576611,COc1cc2c(cc1Cl)cc(C(=O)NC(CO)c1ccc(C(=O)O)cc1)n2C,235,inactive,402.834,3.0019,3,5,235,6.628932138
CHEMBL4565383,Cn1c(CNC2(c3ccc(C(=O)O)cc3)COC2)cc2c(Cl)c(Cl)ccc21,209000,active,405.281,4.1986,2,4,209000,3.679853714
CHEMBL4442828,Cn1c(C(=O)NC2(c3ccc(CO)cc3)COC2)cc2c(Cl)c(Cl)ccc21,1580,active,405.281,3.6329,2,4,1580,5.801342913
CHEMBL4589459,CC(=O)OC(C)OC(=O)C(c1ccc(C2(NC(=O)c3cc4c(Cl)c(Cl)ccc4n3C)COC2)cc1)c1cccnc1,1460,active,596.467,5.1198,1,8,1460,5.835647144
CHEMBL4455598,Cn1c(C(=O)NC2(c3ccc(C(=O)O)c(F)c3)COC2)cc2c(Cl)c(Cl)ccc21,37,active,437.254,3.9779,2,4,37,7.431798276
CHEMBL4578644,Cn1c(C(=O)NC2(c3ccc(CC(=O)O)cc3)COC2)cc2c(Cl)c(Cl)ccc21,30,active,433.291,3.7677,2,4,30,7.522878745
CHEMBL4529734,Cn1c(C(=O)NC2(c3ccc(CC(=O)NS(C)(=O)=O)cc3)COC2)cc2c(Cl)c(Cl)ccc21,439,active,510.399,2.7589,2,6,439,6.35753548
CHEMBL4452531,Cn1c(C(=O)NC2(c3ccc(CC(=O)O)c(F)c3)COC2)cc2c(Cl)c(Cl)ccc21,34,active,451.281,3.9068,2,4,34,7.468521083
CHEMBL4476654,Cn1c(C(=O)NC2(c3ccc(C(CC(=O)O)c4cccnc4)cc3)COC2)cc2c(Cl)c(Cl)ccc21,25,active,524.404,5.1422,2,5,25,7.602059991
CHEMBL4539932,CC(=O)NS(=O)(=O)N1CCC(NC(=O)c2cc3c(Cl)c(Cl)ccc3n2C)C(CC(=O)O)C1,10,inactive,505.38,1.761,3,6,10,8
CHEMBL4518793,C[C@@H](NC(=O)c1cc(-c2ccccc2)nn1C)c1ccc([N+](=O)[O-])cc1,55400,inactive,350.378,3.4863,1,5,55400,4.256490235
CHEMBL4473931,C[C@@H](NC(=O)c1cc(-c2ccccc2)nn1C)c1ccc(N2C[C@@H](O)[C@@H](O)C2)cc1,5200,inactive,406.486,2.1199,3,6,5200,5.283996656
CHEMBL4553827,C[C@@H](NC(=O)c1cc(-c2ccccc2)nn1C)c1ccc(N2CC[C@H](O)C2)cc1,12200,inactive,390.487,3.1491,2,5,12200,4.913640169
CHEMBL4460438,C[C@@H](NC(=O)c1cc(-c2ccccc2)nn1C)c1ccc(N2C(=O)CNC2=O)cc1,2300,inactive,403.442,2.6343,2,5,2300,5.638272164
CHEMBL4443791,C[C@@H](NC(=O)c1cc(-c2ccccc2)nn1C)c1ccc(NS(C)(=O)=O)cc1,53800,inactive,398.488,2.9496,2,5,53800,4.269217724
CHEMBL4528065,C[C@@H](NC(=O)c1cc(-c2ccccc2)nn1C)c1ccc(C(N)=O)cc1,3100,inactive,348.406,2.677,2,4,3100,5.508638306
CHEMBL4572650,C[C@@H](NC(=O)c1cc(-c2ccccc2)nn1C)c1ccc(-c2cncnc2)cc1,21500,inactive,383.455,4.0351,1,5,21500,4.66756154
CHEMBL4451612,Cc1ccc([C@@H](C)NC(=O)c2cc(-c3ccccc3)nn2C)cc1,23200,inactive,319.408,3.88652,1,3,23200,4.634512015
CHEMBL4559464,CC(NC(=O)c1cc(-c2ccccc2)nn1C)c1ccc(C#N)cc1,33700,active,330.391,3.44978,1,4,33700,4.472370099
CHEMBL4562446,C[C@@H](NC(=O)c1cc2ccccc2n1C)c1ccc(C(=O)O)cc1,1950,active,322.364,3.3675,2,3,1950,5.709965389
CHEMBL4446511,C[C@@H](NC(=O)c1cc2cc(Cl)ccc2n1C)c1ccc(C(=O)O)cc1,254,active,356.809,4.0209,2,3,254,6.595166283
CHEMBL4437057,COc1cc(Cl)cc2cc(C(=O)N[C@H](C)c3ccc(C(=O)O)cc3)n(C)c12,72,active,386.835,4.0295,2,4,72,7.142667504
CHEMBL4520181,C[C@@H](NC(=O)c1cc2cc(Cl)cc(OC(F)(F)F)c2n1C)c1ccc(C(=O)O)cc1,824,active,440.805,4.9195,2,4,824,6.084072788
CHEMBL4560125,C[C@@H](NC(=O)c1cc2cc(Cl)c(Br)cc2n1C)c1ccc(C(=O)O)cc1,61,active,435.705,4.7834,2,3,61,7.214670165
CHEMBL4457646,C[C@@H](NC(=O)c1cc2c3ccccc3ccc2n1C)c1ccc(C(=O)O)cc1,58,active,372.424,4.5207,2,3,58,7.236572006
CHEMBL4474620,Cc1cc2c(cc1Cl)cc(C(=O)N[C@H](C)c1ccc(C(=O)O)cc1)n2C,51,active,370.836,4.32932,2,3,51,7.292429824
CHEMBL4444192,C[C@@H](NC(=O)c1cc2c(Cl)cc(C(F)F)cc2n1C)c1ccc(C(=O)O)cc1,81,active,406.816,4.9585,2,3,81,7.091514981
CHEMBL4460522,COc1cc(F)c(Cl)c2cc(C(=O)N[C@H](C)c3ccc(C(=O)O)cc3)n(C)c12,123,active,404.825,4.1686,2,4,123,6.910094889
CHEMBL4438014,Cc1cc2c(cc(C(=O)N[C@H](C)c3ccc(C(=O)O)cc3)n2C)c(Cl)c1Cl,14,active,405.281,4.98272,2,3,14,7.853871964
CHEMBL4436264,Cc1cc2c(cc(C(=O)N[C@H](C)c3ccc(S(=O)(=O)CC(=O)O)cc3)n2C)c(Cl)c1Cl,2,active,483.373,4.14282,2,5,2,8.698970004
CHEMBL4467246,Cc1cc(Cl)c2cc(C(=O)N[C@H](C)c3ccc(S(=O)(=O)CC(=O)O)cc3)n(C)c2c1,3,inactive,448.928,3.48942,2,5,3,8.522878745
CHEMBL4456888,Cn1c(C(=O)NC(CN)c2ccccc2)cc2cc(Cl)ccc21,39600,inactive,327.815,3.2615,2,3,39600,4.402304814
CHEMBL4471731,C[C@@H](O)[C@@H](NC(=O)c1cc2cc(Cl)ccc2n1C)c1ccccc1,12100,inactive,342.826,3.6836,2,3,12100,4.91721463
CHEMBL4569664,C[C@H](O)[C@@H](NC(=O)c1cc2cc(Cl)ccc2n1C)c1ccccc1,11700,active,342.826,3.6836,2,3,11700,4.931814138
CHEMBL4565713,CC(=O)NS(=O)(=O)c1ccc(C(C)NC(=O)c2cc(-c3ccccc3)nn2C)cc1,70,active,426.498,2.4029,2,6,70,7.15490196
CHEMBL4518579,CCOC(=O)CS(=O)(=O)c1ccc([C@@H](CO)NC(=O)c2cc3c(Cl)c(Cl)c(C)cc3n2C)cc1,29,inactive,527.426,3.59372,2,7,29,7.537602002
CHEMBL4474100,NNC(=S)N/N=C/c1ccc(-c2ccc(C(=O)O)cc2)o1,16700,inactive,304.331,1.3165,4,5,16700,4.777283529
CHEMBL4573186,O=C(N/N=C/c1cc([N+](=O)[O-])ccc1O)c1ccc(C(F)(F)F)cc1,36100,inactive,353.256,3.0831,2,5,36100,4.442492798
CHEMBL4585773,NNC(=S)N/N=C/c1ccc(-c2ccc(S(N)(=O)=O)cc2)o1,38900,inactive,339.402,0.2657,4,6,38900,4.410050399
CHEMBL4546812,CCNC(=S)N/N=C/c1ccc(-c2ccc(C(=O)O)cc2)o1,35500,inactive,317.37,2.4627,3,4,35500,4.449771647
CHEMBL4568110,COC(=O)c1ccc(-c2ccc(/C=N/NC(=S)Nc3ccc([N+](=O)[O-])cc3)o2)cc1,29800,inactive,424.438,3.9619,2,7,29800,4.525783736
CHEMBL4553658,Cc1cc(Cl)c2cc(C(=O)N[C@H](C)c3ccc(S(=O)(=O)CC(=O)OC(C)C)cc3)n(C)c2n1,1833,active,491.997,3.75142,1,7,1833,5.736837535
CHEMBL4527049,CC(C)OC(=O)CS(=O)(=O)c1ccc([C@@H](C)NC(=O)c2cc(-c3ccccc3)nn2C)cc1,6724,active,469.563,3.3034,1,7,6724,5.172372295
CHEMBL4555089,Cc1cc(Cl)c2cc(C(=O)N[C@H](CO)c3ccc(S(=O)(=O)CC(=O)OC4CCOCC4)cc3)n(C)c2c1,230,active,549.045,3.09942,2,8,230,6.638272164
CHEMBL4547905,Cc1cc(Cl)c2cc(C(=O)N[C@H](C)c3ccc([S+]([O-])CC(=O)O)cc3)n(C)c2c1,11,active,432.929,3.82332,2,4,11,7.958607315
CHEMBL4587964,Cc1cc(Cl)c2cc(C(=O)N[C@H](C)c3ccc([S@+]([O-])CC(=O)O)cc3)n(C)c2c1,17,active,432.929,3.82332,2,4,17,7.769551079
CHEMBL4483790,COC(=O)C[S+]([O-])c1ccc([C@@H](CO)NC(=O)c2cc3c(Cl)cc(C)cc3n2C)cc1,221,inactive,462.955,2.88412,2,6,221,6.655607726
CHEMBL4559892,CC(C)OC(=O)CS(=O)(=O)c1ccc([C@@H](C)NC(=O)c2cc(-c3ccc(Cl)c(Cl)c3)nn2C)cc1,73347,active,538.453,4.6102,1,7,73347,4.134617645
CHEMBL4576663,C[C@@H](NC(=O)c1cc(-c2ccc(F)cc2)nn1C)c1ccc(S(=O)(=O)CC(=O)OCC2COC2)cc1,714,inactive,515.563,2.6805,1,8,714,6.146301788
CHEMBL4514268,COC(=O)C1(S(=O)(=O)c2ccc([C@@H](CO)NC(=O)c3cc4c(Cl)cc(C)cc4n3C)cc2)CCOCC1,2448,inactive,549.045,3.09942,2,8,2448,5.611188587
CHEMBL4539677,Cc1cc2c(cc(C(=O)N[C@H](C)c3ccc(S(=O)(=O)CC(=O)OC(C)C)cc3)n2C)c(Cl)c1F,36497,active,508.999,4.49552,1,6,36497,4.437742832
CHEMBL4515615,Cc1cc(Cl)c2cc(C(=O)N[C@H](CO)c3ccc(S(=O)(=O)CC(=O)OC(C)C)cc3)n(C)c2n1,1147,active,507.996,2.72382,2,8,1147,5.940436582
CHEMBL4574871,Cc1cc(Cl)c2cc(C(=O)N[C@H](CO)c3ccc(S(=O)(=O)CC(=O)OCC4COC4)cc3)n(C)c2c1,54,active,535.018,2.56682,2,8,54,7.26760624
CHEMBL4542437,Cc1cc2c(cc(C(=O)N[C@H](CO)c3ccc(S(=O)(=O)C(C)(C)C(=O)O)cc3)n2C)c(Cl)c1Cl,4,active,527.426,3.89382,3,6,4,8.397940009
CHEMBL4557402,Cc1cc(Cl)c2cc(C(=O)N[C@H](C)c3ccc(S(=O)(=O)CC(=O)O)cc3)n(C)c2n1,41,active,449.916,2.88442,2,6,41,7.387216143
CHEMBL4540453,Cc1cc(Cl)c2cc(C(=O)N[C@H](C)c3ccc([S+]([O-])CC(=O)OC(C)C)cc3)n(C)c2c1,2143,active,475.01,4.69032,1,5,2143,5.668977829
CHEMBL4540031,Cc1cc(Cl)c2cc(C(=O)N[C@H](CO)c3ccc([S+]([O-])CC(=O)OC(C)C)cc3)n(C)c2c1,695,active,491.009,3.66272,2,6,695,6.158015195
CHEMBL4541970,Cc1cc(Cl)c2cc(C(=O)N[C@H](CO)c3ccc(S(=O)(=O)CC(=O)OCC4(F)COC4)cc3)n(C)c2c1,27,active,553.008,2.65892,2,8,27,7.568636236
CHEMBL4542526,Cc1cc2c(cc(C(=O)N[C@H](CO)c3ccc(S(=O)(=O)CC(=O)OC(C)C)cc3)n2C)c(Cl)c1F,466,active,524.998,3.46792,2,7,466,6.331614083
CHEMBL4538855,Cc1cc2c(cc(C(=O)N[C@H](C)c3ccc(S(=O)(=O)CC(=O)OC(C)C)cc3)n2C)c(Cl)c1Cl,3374,inactive,525.454,5.00982,1,6,3374,5.471854922
CHEMBL4519728,CC(C)OC(=O)C(C)(C)S(=O)(=O)c1ccc([C@@H](C)NC(=O)c2cc(-c3ccccc3)nn2C)cc1,15855,active,497.617,4.082,1,7,15855,4.799833754
CHEMBL4527489,C[C@@H](NC(=O)c1cc(-c2ccc(F)cc2)nn1C)c1ccc(S(=O)(=O)CC(=O)OCC2(C)COC2)cc1,938,active,529.59,3.0706,1,8,938,6.027797162
CHEMBL4574626,COc1cc(-c2cc(C(=O)N[C@H](C)c3ccc(S(=O)(=O)CC(=O)OC(C)C)cc3)n(C)n2)ccc1Cl,6115,active,534.034,3.9654,1,8,6115,5.213603539
CHEMBL4562233,COc1cc(-c2cc(C(=O)N[C@H](C)c3ccc(S(=O)(=O)CC(=O)OC(C)C)cc3)n(C)n2)ccc1F,3718,active,517.579,3.4511,1,8,3718,5.429690615
CHEMBL4591067,COC(=O)C[S+]([O-])c1ccc([C@@H](C)NC(=O)c2cc3c(Cl)cc(C)cc3n2C)cc1,612,active,446.956,3.91172,1,5,612,6.213248578
CHEMBL4482869,C[C@@H](NC(=O)c1cc(-c2ccc(F)cc2)nn1C)c1ccc(S(=O)(=O)CC(=O)OCCO)cc1,766,active,489.525,2.0264,2,8,766,6.11577123
CHEMBL4530745,COC(=O)C[S@@+]([O-])c1ccc([C@@H](CO)NC(=O)c2cc3c(Cl)cc(C)cc3n2C)cc1,447,active,462.955,2.88412,2,6,447,6.349692477
CHEMBL4569120,Cc1cc(Cl)c2cc(C(=O)N[C@H](CO)c3ccc(S(=O)(=O)CC(=O)OC(C)C)cc3)n(C)c2c1,261,active,507.008,3.32882,2,7,261,6.583359493
CHEMBL4578573,Cc1cc(Cl)c2cc(C(=O)N[C@H](CO)c3ccc(S(=O)(=O)CC(=O)OCCCO)cc3)n(C)c2c1,98,active,523.007,2.30282,3,8,98,7.008773924
CHEMBL4548014,Cc1cc2c(cc(C(=O)N[C@H](C)c3ccc(S(=O)(=O)CC(=O)O)cc3)n2C)c(Cl)c1F,5,inactive,466.918,3.62852,2,5,5,8.301029996
CHEMBL4515970,CC(C)OC(=O)CS(=O)(=O)c1ccc([C@@H](CO)NC(=O)c2cc(-c3ccc(F)cc3)nn2C)cc1,7706,active,503.552,2.4149,2,8,7706,5.113170995
CHEMBL4591884,COC(=O)C[S+]([O-])c1ccc([C@@H](C)NC(=O)c2cc3c(Cl)c(Cl)c(C)cc3n2C)cc1,296,active,481.401,4.56512,1,5,296,6.528708289
CHEMBL4560976,Cc1cc2c(cc(C(=O)N[C@H](CO)c3ccc([S@@+]([O-])CC(=O)O)cc3)n2C)c(Cl)c1Cl,7,active,483.373,3.44912,3,5,7,8.15490196
CHEMBL4556952,COC(=O)C[S@@+]([O-])c1ccc([C@@H](CO)NC(=O)c2cc3c(Cl)c(Cl)c(C)cc3n2C)cc1,189,active,497.4,3.53752,2,6,189,6.723538196
CHEMBL4556292,Cc1cc2c(cc(C(=O)N[C@H](CO)c3ccc([S+]([O-])CC(=O)OC(C)C)cc3)n2C)c(Cl)c1Cl,428,active,525.454,4.31612,2,6,428,6.368556231
CHEMBL4483039,COC(=O)C[S@+]([O-])c1ccc([C@@H](CO)NC(=O)c2cc3c(Cl)c(Cl)c(C)cc3n2C)cc1,89,inactive,497.4,3.53752,2,6,89,7.050609993
CHEMBL4529678,CC(C)OC(=O)C(C)S(=O)(=O)c1ccc([C@@H](CO)NC(=O)c2cc(-c3ccc(F)cc3)nn2C)cc1,29552,active,517.579,2.8034,2,8,29552,4.529413122
CHEMBL4552569,Cn1nc(-c2ccc(F)cc2)cc1C(=O)N[C@H](CO)c1ccc(S(=O)(=O)CC(=O)O)cc1,174,active,461.471,1.5479,3,7,174,6.759450752
CHEMBL4572088,Cc1cc2c(cc(C(=O)N[C@H](CO)c3ccc([S@+]([O-])CC(=O)OC(C)C)cc3)n2C)c(Cl)c1Cl,204,active,525.454,4.31612,2,6,204,6.690369833
CHEMBL4549808,CN1CCN(c2cc(Cl)c3cc(C(=O)N[C@H](CO)c4ccc(S(=O)(=O)CC(=O)O)cc4)n(C)c3c2)CC1,40,active,549.049,1.9052,3,8,40,7.397940009
CHEMBL4483486,COC(=O)C(C)(C)S(=O)(=O)c1ccc([C@@H](CO)NC(=O)c2cc(-c3ccc(F)cc3)nn2C)cc1,8340,active,503.552,2.4149,2,8,8340,5.078833949
CHEMBL4541133,COC(=O)C(C)(C)S(=O)(=O)c1ccc([C@@H](CO)NC(=O)c2cc3c(Cl)c(Cl)c(C)cc3n2C)cc1,1229,active,541.453,3.98222,2,7,1229,5.910448117
CHEMBL4572184,Cc1cc(Cl)c2cc(C(=O)N[C@H](C)c3ccc(S(=O)(=O)CC(=O)O)cc3)n(C)c2c1C,13,active,462.955,3.79784,2,5,13,7.886056648
CHEMBL4522256,CCOC(=O)CS(=O)(=O)c1ccc([C@@H](CO)NC(=O)c2cc3c(F)c(F)c(C)cc3n2C)cc1,267,active,494.516,2.56512,2,7,267,6.573488739
CHEMBL4547034,CCCC(C(=O)O)S(=O)(=O)c1ccc([C@@H](C)NC(=O)c2cc3c(Cl)cc(C)cc3n2C)cc1,6,inactive,491.009,4.65812,2,5,6,8.22184875
CHEMBL4563782,Cc1cc(Cl)c2cc(C(=O)N[C@H](C)c3ccc(S(=O)(=O)C(C)C(=O)OC(C)(C)C)cc3)n(C)c2c1,24415,active,519.063,5.13502,1,6,24415,4.612343271
CHEMBL4579433,CCOCCOCCOC(=O)CS(=O)(=O)c1ccc([C@@H](C)NC(=O)c2cc3c(Cl)cc(C)cc3n2C)cc1,289,active,565.088,4.00112,1,8,289,6.539102157
CHEMBL4548024,COCCOC(=O)CS(=O)(=O)c1ccc([C@@H](C)NC(=O)c2cc(-c3ccccc3)nn2C)cc1,1452,active,485.562,2.5414,1,8,1452,5.838033384
CHEMBL4518763,C[C@@H](NC(=O)c1cc(-c2ccccc2)nn1C)c1ccc(S(=O)(=O)CC(=O)OCCN(C)C)cc1,497,active,498.605,2.4566,1,8,497,6.303643611
CHEMBL4550915,COCCOC(=O)CS(=O)(=O)c1ccc([C@@H](C)NC(=O)c2cc3c(Cl)c(Cl)c(C)nc3n2C)cc1,286,active,542.441,3.64282,1,8,286,6.543633967
CHEMBL4556963,CC(NC(=O)c1cc2c(Cl)cc(I)cc2n1C)c1ccc(S(=O)(=O)CC(=O)O)cc1,24,active,560.797,3.7856,2,5,24,7.619788758
CHEMBL4548661,CO[C@@H](C)COC(=O)CS(=O)(=O)c1ccc([C@@H](C)NC(=O)c2cc3c(Cl)cc(C)cc3n2C)cc1,394,active,521.035,3.98292,1,7,394,6.404503778
CHEMBL4526788,COC(=O)CS(=O)(=O)c1ccc([C@@H](C)NC(=O)c2cc3c(Cl)c(Cl)c(C)cc3n2C)cc1,441,inactive,497.4,4.23122,1,6,441,6.355561411
CHEMBL4545321,COC(=O)CS(=O)(=O)c1ccc([C@@H](C)NC(=O)c2cc(-c3ccc(F)cc3)nn2C)cc1,1262,active,459.499,2.6639,1,7,1262,5.898940645
CHEMBL4572256,COC(=O)CS(=O)(=O)c1ccc([C@@H](C)NC(=O)c2cc(-c3ccccc3)nn2C)cc1,1356,active,441.509,2.5248,1,7,1356,5.86774031
CHEMBL4522341,Cc1cc(Cl)c2cc(C(=O)N[C@H](C)c3ccc(S(=O)(=O)CC(=O)OCCNC(=O)OC(C)(C)C)cc3)n(C)c2c1,701,active,592.114,4.47272,2,8,701,6.154281982
CHEMBL4565378,COC(=O)CS(=O)(=O)c1ccc([C@@H](C)NC(=O)c2cc3c(Cl)cc(-c4cnn(C)c4)cc3n2C)cc1,905,inactive,529.018,3.6699,1,8,905,6.043351421
CHEMBL4522032,Cc1cc(Cl)c2cc(C(=O)N[C@H](C)c3ccc(S(=O)(=O)C(C)C(=O)OC(C)C)cc3)n(C)c2c1,11781,active,505.036,4.74492,1,6,11781,4.928817844
CHEMBL4514445,Cc1cc(Cl)c2cc(C(=O)N[C@H](C)c3ccc(S(=O)(=O)CC(=O)OCCO)cc3)n(C)c2c1,166,active,492.981,2.94032,2,7,166,6.779891912
CHEMBL4522081,CCOC(=O)CS(=O)(=O)c1ccc([C@@H](C)NC(=O)c2cc3c(Cl)cc(C)cc3n2C)cc1,964,active,476.982,3.96792,1,6,964,6.015922966
CHEMBL4544578,COCCC(C(=O)OC)S(=O)(=O)c1ccc([C@@H](C)NC(=O)c2cc3c(Cl)cc(C)cc3n2C)cc1,652,active,521.035,3.98292,1,7,652,6.185752404
CHEMBL4579388,CCOC(=O)CS(=O)(=O)c1ccc([C@@H](CO)NC(=O)c2cc3c(Cl)cc(C)cc3n2C)cc1,223,active,492.981,2.94032,2,7,223,6.651695137
CHEMBL4587584,COCCOC(=O)CS(=O)(=O)c1ccc([C@@H](C)NC(=O)c2cc3cc(C(F)(F)F)ccc3n2C)cc1,3456,active,526.533,3.6514,1,7,3456,5.461426266
CHEMBL4564816,C[C@@H](NC(=O)c1cc2cc(Cl)ccc2n1C)c1ccc(S(=O)(=O)[C@@H](C)C(=O)O)cc1,238,active,448.928,3.5695,2,5,238,6.623423043
CHEMBL4587490,COC(=O)CS(=O)(=O)c1ccc([C@@H](C)NC(=O)c2cc3c(Cl)c(Cl)c(C)nc3n2C)cc1,485,active,498.388,3.62622,1,7,485,6.314258261
CHEMBL4524990,C#Cc1cc(Cl)c2cc(C(=O)NC(C)c3ccc(S(=O)(=O)CC(=O)OC)cc3)n(C)c2c1,1694,active,472.95,3.2507,1,6,1694,5.771086594
CHEMBL4565578,CCOC(=O)CS(=O)(=O)c1ccc([C@@H](C)NC(=O)c2cc3c(Cl)cc(-c4cnn(C)c4)cc3n2C)cc1,815,active,543.045,4.06,1,8,815,6.088842391
CHEMBL4534562,Cc1cc(Cl)c2cc(C(=O)N[C@H](C)c3ccc(S(=O)(=O)CC(=O)OCc4ccncc4)cc3)n(C)c2c1,175,active,540.041,4.54322,1,7,175,6.756961951
CHEMBL4530767,C[C@@H](NC(=O)c1cc(-c2ccc(F)cc2)nn1C)c1ccc(S(=O)(=O)CC(=O)O)cc1,76,active,445.472,2.5755,2,6,76,7.119186408
CHEMBL4552450,C[C@H](C(=O)O)S(=O)(=O)c1ccc([C@@H](C)NC(=O)c2cc3cc(Cl)ccc3n2C)cc1,139,active,448.928,3.5695,2,5,139,6.8569852
CHEMBL4536870,Cc1cc(Cl)c2cc(C(=O)N[C@H](C)c3ccc(S(=O)(=O)CC(=O)OCc4cccc(C(F)(F)F)c4)cc3)n(C)c2c1,3510,active,607.05,6.16702,1,6,3510,5.454692884
CHEMBL4569278,Cc1nc2c(cc(C(=O)N[C@H](C)c3ccc(S(=O)(=O)CC(=O)O)cc3)n2C)c(Cl)c1Cl,170,active,484.361,3.53782,2,6,170,6.769551079
CHEMBL4584709,CC(C)OC(=O)CS(=O)(=O)c1ccc([C@@H](C)NC(=O)c2cc3c(Cl)cc(-c4cnn(C)c4)cc3n2C)cc1,1929,active,557.072,4.4485,1,8,1929,5.714667772
CHEMBL4524231,COCCC(C(=O)O)S(=O)(=O)c1ccc([C@@H](C)NC(=O)c2cc3c(Cl)cc(C)cc3n2C)cc1,21,active,507.008,3.89452,2,6,21,7.677780705
CHEMBL4543564,COC(=O)C(C)(C)S(=O)(=O)c1ccc([C@@H](C)NC(=O)c2cc3c(Cl)cc(C)cc3n2C)cc1,4524,active,491.009,4.35642,1,6,4524,5.344477404
CHEMBL4574500,Cc1cc(Cl)c2cc(C(=O)N[C@H](C)c3ccc(S(=O)(=O)CC(=O)OC(C)(C)C)cc3)n(C)c2c1,4251,active,505.036,4.74652,1,6,4251,5.371508895
CHEMBL4550162,Cc1cc(Cl)c2cc(C(=O)N[C@H](C)c3ccc(S(=O)(=O)CC(=O)OCC4(C)COC4)cc3)n(C)c2c1,303,inactive,533.046,3.98452,1,7,303,6.518557371
CHEMBL4549376,Cc1cc(Cl)c2cc(C(=O)N[C@H](C)c3ccc(S(=O)(=O)CC(=O)OCC(C)C)cc3)n(C)c2c1,19319,active,505.036,4.60402,1,6,19319,4.714015358
CHEMBL4580038,COC(=O)CS(=O)(=O)c1ccc([C@@H](C)NC(=O)c2cc3c(Cl)cc(C)cc3n2C)cc1,412,active,462.955,3.57782,1,6,412,6.385102784
CHEMBL4593777,CCOC(=O)CS(=O)(=O)c1ccc([C@@H](C)NC(=O)c2cc3c(Cl)c(Cl)c(C)nc3n2C)cc1,1094,inactive,512.415,4.01632,1,7,1094,5.960982678
CHEMBL4584313,COC(=O)C(C)S(=O)(=O)c1ccc([C@@H](C)NC(=O)c2cc3c(Cl)cc(C)cc3n2C)cc1,1683,active,476.982,3.96632,1,6,1683,5.773915884
CHEMBL4538535,COC(=O)CS(=O)(=O)c1ccc([C@@H](C)NC(=O)c2cc(-c3cccc4cc[nH]c34)nn2C)cc1,1270,inactive,480.546,3.0061,2,7,1270,5.896196279
CHEMBL4521661,CCOC(=O)C(C)S(=O)(=O)c1ccc([C@@H](C)NC(=O)c2cc3c(Cl)cc(C)cc3n2C)cc1,5017,inactive,491.009,4.35642,1,6,5017,5.299555899
CHEMBL4531093,CCCC(C(=O)OC)S(=O)(=O)c1ccc([C@@H](C)NC(=O)c2cc3c(Cl)cc(C)cc3n2C)cc1,3470,active,505.036,4.74652,1,6,3470,5.459670525
CHEMBL4557404,Cc1cc(Cl)c2cc(C(=O)N[C@H](C)c3ccc(S(=O)(=O)CC(=O)OC4CCOCC4)cc3)n(C)c2c1,1041,active,533.046,4.12702,1,7,1041,5.98254927
CHEMBL4549860,Cc1cc2c(cc(C(=O)N[C@H](C)c3ccc(S(=O)(=O)CC(=O)O[13CH3])cc3)n2C)c(Cl)c1Cl,414,inactive,498.3923548,4.23122,1,6,414,6.382999659
CHEMBL4513474,COC(=O)C(C)(C)S(=O)(=O)c1ccc([C@@H](C)NC(=O)c2cc3cc(Cl)ccc3n2C)cc1,33068,active,476.982,4.048,1,6,33068,4.480592071
CHEMBL4574071,C[C@@H](NC(=O)c1cc(-c2ccccc2)nn1C)c1ccc(S(=O)(=O)CC(=O)OCCF)cc1,1437,active,473.526,2.8645,1,7,1437,5.842543232
CHEMBL4572522,Cc1cc(Cl)c2cc(C(=O)N[C@H](C)c3ccc(S(=O)(=O)CC(=O)OCC4CC4)cc3)n(C)c2c1,2105,active,503.02,4.35802,1,6,2105,5.6767479
CHEMBL4547319,CC(=O)OCC(CO)COC(=O)CS(=O)(=O)c1ccc([C@@H](C)NC(=O)c2cc3c(Cl)cc(C)cc3n2C)cc1,247,active,579.071,3.11962,2,9,247,6.607303047
CHEMBL4580872,COC(=O)C1(S(=O)(=O)c2ccc([C@@H](C)NC(=O)c3cc4c(Cl)cc(C)cc4n3C)cc2)CC1,5309,active,488.993,4.11042,1,6,5309,5.274987275
CHEMBL4532009,Cc1cc(Cl)c2cc(C(=O)N[C@H](C)c3ccc(S(=O)(=O)CC(=O)OCC(CO)COC(=O)C(C)(C)C)cc3)n(C)c2c1,1406,active,621.152,4.14582,2,9,1406,5.852014679
CHEMBL4518189,CC(C)OC(=O)CS(=O)(=O)c1ccc([C@@H](C)NC(=O)c2cc(-c3ccc(F)cc3)nn2C)cc1,4843,active,487.553,3.4425,1,7,4843,5.314885531
CHEMBL4535665,COC(=O)CS(=O)(=O)c1ccc([C@@H](C)NC(=O)c2cc3cc(Cl)c(-c4cnn(CCN5CCOCC5)c4)cc3n2C)cc1,248,active,628.151,3.4651,1,10,248,6.605548319
CHEMBL4578151,CCOC(=O)CS(=O)(=O)c1ccc([C@@H](C)NC(=O)c2cc3cc(Cl)c(-c4cnn(CCN5CCOCC5)c4)cc3n2C)cc1,742,active,642.178,3.8552,1,10,742,6.129596095
CHEMBL4563552,COC(=O)CS(=O)(=O)c1ccc([C@@H](C)NC(=O)c2cc3c(Cl)cc(C)cc3n2C)nc1,1133,active,463.943,2.97282,1,7,1133,5.94577009
CHEMBL4590502,CC(C)OC(=O)CS(=O)(=O)c1ccc([C@@H](C)NC(=O)c2cc3cc(Cl)c(-c4cnn(CCN5CCOCC5)c4)cc3n2C)cc1,1353,active,656.205,4.2437,1,10,1353,5.868702203
CHEMBL4574684,CC(C)OC(=O)CS(=O)(=O)c1ccc([C@H](CO)NC(=O)c2cc3c(Cl)cc(N4CCN(C)CC4)cc3n2C)cc1,981,active,591.13,2.7722,2,9,981,6.008330993
CHEMBL4528540,COC(=O)C1(S(=O)(=O)c2ccc([C@@H](C)NC(=O)c3cc(-c4ccc(F)cc4)nn3C)cc2)CCOCC1,7696,inactive,529.59,3.2131,1,8,7696,5.113734941
CHEMBL4514162,COC(=O)C(C)(C)S(=O)(=O)c1ccc([C@@H](C)NC(=O)c2cc(-c3ccc(F)cc3)nn2C)cc1,14654,inactive,487.553,3.4425,1,7,14654,4.834043813
CHEMBL4547209,CCOC(=O)CS(=O)(=O)c1ccc(CNC(=O)c2cc3c(Cl)cc(C)cc3n2C)cc1,5943,active,462.955,3.40692,1,6,5943,5.22599427
CHEMBL4583044,COC(=O)C(C)(C)S(=O)(=O)c1ccc([C@@H](C)NC(=O)c2cc3c(Cl)c(Cl)c(C)cc3n2C)cc1,5585,active,525.454,5.00982,1,6,5585,5.252976823
CHEMBL4520085,Cc1cc(Cl)c2cc(C(=O)N[C@H](C)c3ccc(S(=O)(=O)CC(=O)NO)cc3)n(C)c2c1,172,active,463.943,2.91022,3,6,172,6.764471553
CHEMBL4515646,Cc1cc2c(cc(C(=O)N[C@H](CO)c3ccc(S(=O)(=O)CC(=O)OCC(C)(C)CO)cc3)n2C)c(Cl)c1Cl,419,active,585.506,3.59232,3,8,419,6.377785977
CHEMBL4575857,Cc1cc2c(cc(C(=O)N[C@H](C)c3ccc(S(=O)(=O)C4CCOC4=O)cc3)n2C)c(Cl)c1Cl,119,active,509.411,4.37372,1,6,119,6.924453039
CHEMBL4571344,Cc1cc2c(cc(C(=O)N[C@H](CO)c3ccc([S@@+]([O-])CC(=O)OC4CCOCC4)cc3)n2C)c(Cl)c1Cl,211,active,567.491,4.08672,2,7,211,6.675717545
CHEMBL4564291,Cc1cc2c(cc(C(=O)N[C@H](CO)c3ccc(S(=O)(=O)CC(=O)OCCO)cc3)n2C)c(Cl)c1Cl,107,active,543.425,2.56612,3,8,107,6.970616222
CHEMBL4567743,Cc1cc2c(cc(C(=O)N[C@H](CO)c3ccc(S(=O)(=O)CC(=O)OC4CCOCC4)cc3)n2C)c(F)c1F,578,active,550.58,2.72422,2,8,578,6.238072162
CHEMBL4587097,Cc1cc2c(cc(C(=O)N[C@H](CO)c3ccc(S(=O)(=O)CC(=O)OCCCO)cc3)n2C)c(F)c1F,255,active,524.542,1.92762,3,8,255,6.59345982
CHEMBL4566179,Cc1cc2c(cc(C(=O)N[C@H](CO)c3ccc(S(=O)(=O)CC(=O)OCC(C)(C)O)cc3)n2C)c(Cl)c1Cl,168,active,571.479,3.34472,3,8,168,6.774690718
CHEMBL4592921,Cc1cc2c(cc(C(=O)N[C@H](CO)c3ccc(S(=O)(=O)CC(=O)OCCO)cc3)n2C)c(F)c1F,156,active,510.515,1.53752,3,8,156,6.806875402
CHEMBL4518139,Cc1cc2c(cc(C(=O)N[C@H](CO)c3ccc([S+]([O-])CC(=O)OC(C)C)cc3)n2C)c(F)c1F,1061,active,492.544,3.28752,2,6,1061,5.974284616
CHEMBL4558818,Cc1cc2c(cc(C(=O)N[C@H](CO)c3ccc(S(=O)(=O)CC(=O)OCC(C)(C)O)cc3)n2C)c(F)c1F,246,active,538.569,2.31612,3,8,246,6.609064893
CHEMBL4554611,Cc1cc2c(cc(C(=O)N[C@H](C)c3ccc([S+]([O-])CC(=O)OC(C)C)cc3)n2C)c(Cl)c1Cl,1738,inactive,509.455,5.34372,1,5,1738,5.759950228
CHEMBL4561520,C[C@@H](NC(=O)c1cc(-c2ccc(F)cc2)nn1C)c1ccc(S(=O)(=O)CC(=O)NOCCN2CCOCC2)cc1,55358.7,inactive,573.647,1.8709,2,9,55358.7,4.256814117
CHEMBL4528091,CONC(=O)CS(=O)(=O)c1ccc([C@@H](C)NC(=O)c2cc(-c3ccc(F)cc3)nn2C)cc1,6273.5,active,474.514,2.1685,2,7,6273.5,5.202490098
CHEMBL4555852,CCOC(=O)CS(=O)(=O)c1ccc([C@@H](C)NC(=O)c2cc(-n3ccc4ccccc43)nn2C)cc1,309.2,active,494.573,3.1918,1,8,309.2,6.509760515
CHEMBL4529167,Cc1cc(Cl)c2cc(C(=O)N[C@H](C)c3ccc(S(=O)(=O)C(C)(C)C(N)=O)cc3)n(C)c2c1,3216.7,active,475.998,3.66872,2,5,3216.7,5.492589441
CHEMBL4561348,CCOC(=O)CS(=O)(=O)c1ccc([C@@H](C)NC(=O)c2cc(-c3ccccc3)n(C)n2)cc1,1303.4,active,455.536,2.9149,1,7,1303.4,5.884922283
CHEMBL4568312,Cc1cc(Cl)c2cc(C(=O)N[C@H](C)c3ccc(S(=O)(=O)CC(=O)OCCOC(=O)CS(=O)(=O)c4ccc([C@@H](C)NC(=O)c5cc6c(Cl)cc(C)cc6n5C)cc4)cc3)n(C)c2c1,249,active,923.894,6.90964,2,12,249,6.603800653
CHEMBL964,CCN(CC)C(=S)SSC(=S)N(CC)CC,590,active,296.552,3.6212,0,4,590,6.229147988
CHEMBL121516,S=C(SSC(=S)N1CCCCC1)N1CCCCC1,510,active,320.574,3.9094,0,4,510,6.292429824
CHEMBL121556,S=C(SSC(=S)N1CCOCC1)N1CCOCC1,210,active,324.518,1.602,0,6,210,6.677780705
CHEMBL573920,S=C(SSC(=S)N1CCSCC1)N1CCSCC1,340,active,356.654,3.0352,0,6,340,6.468521083
CHEMBL576697,CN(C(=S)SSC(=S)N(C)C1CCCCC1)C1CCCCC1,1010,active,376.682,5.4666,0,4,1010,5.995678626
CHEMBL3793313,S=C(SSC(=S)N(C1CCCCC1)C1CCCCC1)N(C1CCCCC1)C1CCCCC1,1390,inactive,512.92,8.8724,0,4,1390,5.8569852
CHEMBL570572,S=C(SSC(=S)N1CCN(Cc2ccccc2)CC1)N1CCN(Cc2ccccc2)CC1,22500,inactive,502.8,4.5732,0,6,22500,4.647817482
CHEMBL582931,CCN(CC)C(=S)CSC(=S)N(CC)CC,36380,inactive,278.512,3.0155,0,3,36380,4.439137305
CHEMBL570813,CCN(CC)C(=S)SCSC(=S)N(CC)CC,45860,inactive,310.579,3.6637,0,4,45860,4.33856595
CHEMBL5291428,CN1CCN(C(=S)SCSC(=S)N2CCNCC2)CC1,67320,inactive,350.604,1.1327,1,6,67320,4.171855893
CHEMBL2262737,O=C(c1ccc(Cl)cc1)N1CCOCC1,10400,inactive,225.675,1.8124,0,2,10400,4.982966661
CHEMBL5280800,O=S(=O)(NN1CCOCC1)c1ccc(Cl)cc1,21600,inactive,276.745,0.8655,1,4,21600,4.665546249
CHEMBL5276398,Cc1c(/N=N/c2cccc(C(=O)O)c2)c(O)[nH]c(=O)c1C#N,42000,inactive,298.258,2.3742,3,6,42000,4.37675071
CHEMBL5269783,C[C@H]1C(=O)OC([C@@H](O)[C@](C)(O)C2[C@@H](O)CC3C4C[C@H]5O[C@]56[C@@H](O)C=CC(=O)[C@]6(C)C4CC[C@@]32C)[C@@H]1C,1660,inactive,504.62,1.3728,4,8,1660,5.779891912
CHEMBL5439263,O=C(Nc1nc(-c2ccccc2)cs1)c1ccc(S(=O)(=O)Cl)cc1,18500,inactive,378.862,3.9899,1,5,18500,4.732828272
CHEMBL5419037,O=C(Nc1nc(-c2ccccc2)cs1)c1ccc(S(=O)(=O)N2CCC(C(=O)O)CC2)cc1,12960,inactive,471.56,3.5477,2,6,12960,4.887394998
CHEMBL5413530,CC(=O)N1CCC(NS(=O)(=O)c2ccc(C(=O)Nc3nc(-c4ccccc4)cs3)cc2)CC1,6810,inactive,484.603,3.3516,2,6,6810,5.166852888
CHEMBL5403306,CN1CCN(CCNS(=O)(=O)c2ccc(C(=O)Nc3nc(-c4ccccc4)cs3)cc2)CC1,11380,inactive,485.635,2.5881,2,7,11380,4.943857738
CHEMBL5439942,O=C(Nc1nc(-c2ccccc2)cs1)c1ccc(S(=O)(=O)NCCN2CCOCC2)cc1,10850,inactive,472.592,2.6729,2,7,10850,4.964570262
CHEMBL5427304,COCCNS(=O)(=O)c1ccc(C(=O)Nc2nc(-c3ccccc3)cs2)cc1,17840,inactive,417.512,2.9871,2,6,17840,4.74860515
CHEMBL5427764,O=C(O)CNS(=O)(=O)c1ccc(C(=O)Nc2nc(-c3ccccc3)cs2)cc1,15800,inactive,417.468,2.4253,3,6,15800,4.801342913
CHEMBL5435562,CC(=O)c1cccc(NS(=O)(=O)c2ccc(C(=O)Nc3nc(-c4ccc(F)cc4)cs3)cc2)c1,2600,inactive,495.557,5.2049,2,6,2600,5.585026652
CHEMBL5408434,CC(=O)c1cccc(NS(=O)(=O)c2ccc(C(=O)Nc3nc(-c4ccc(F)c(F)c4)cs3)cc2)c1,17200,inactive,513.547,5.344,2,6,17200,4.764471553
CHEMBL5404649,CC(=O)c1cccc(NS(=O)(=O)c2ccc(C(=O)Nc3cc(-c4ccccc4)cs3)cc2)c1,12900,inactive,476.579,5.6708,2,5,12900,4.88941029
